ID,Région,Type de Sol,Type de Culture,Surface Cultivée (ha),Température Moyenne (°C),Humidité (%),Précipitations (mm),Mode d'Irrigation,Présence de Maladies,Type de Pesticide,Rendement (tonnes/ha),Coût de Production ($/ha),Prix de Vente ($/tonne),Profit Total ($)
1,Ouest,Sablonneux,Blé,5.74,29.4,35.9,30.3,Goutte-à-goutte,Mildiou,Fongicide,3.66,3473.59,540.3,-8587.568080000003
2,Centre,Humifère,Maïs,9.31,15.2,81.7,260.7,Aspersion,Rouille,Mixte,9.39,3858.63,220.01,-16690.373091
3,Est,Humifère,Soja,4.24,20.8,57.6,204.5,Aspersion,Mildiou,Fongicide,5.71,1902.07,318.29,-358.8485839999994
4,Centre,Argileux,Riz,48.24,37.2,75.0,33.9,Aspersion,Aucune,Herbicide,3.45,4305.44,362.52,-147360.94704
5,Centre,Sablonneux,Blé,58.29,33.1,47.4,252.6,Aspersion,Aucune,Aucun,4.59,1668.21,931.88,152085.558168
6,Sud,Argileux,Maïs,27.53,26.7,77.2,72.7,Pluie,Aucune,Herbicide,6.39,507.4,307.35,40099.275745
7,Est,Limoneux,Coton,40.13,17.7,36.7,143.5,Aspersion,Aucune,Aucun,6.88,2193.87,360.32,11442.331108000013
8,Est,Limoneux,Soja,9.62,19.1,51.4,43.6,Goutte-à-goutte,Oïdium,Mixte,2.39,3068.43,432.42,-19576.18244399999
9,Est,Argileux,Blé,33.97,32.0,88.7,213.0,Fossé,Aucune,Aucun,9.79,2654.17,697.37,141759.60573099996
10,Centre,Humifère,Blé,52.49,35.5,77.6,200.1,Aspersion,Fusariose,Aucun,5.9,4379.34,206.41,-165948.23729000002
11,Ouest,Humifère,Riz,73.36,30.1,59.8,63.3,Pluie,Fusariose,Aucun,2.22,974.32,958.55,84632.57096000001
12,Est,Argileux,Riz,0.83,34.3,50.4,259.0,Goutte-à-goutte,Aucune,Fongicide,9.04,2992.21,879.01,4111.853531999999
13,Centre,Argileux,Coton,47.0,33.0,82.3,120.4,Fossé,Rouille,Fongicide,1.67,2808.41,619.49,-83371.4999
14,Sud,Limoneux,Coton,30.05,14.5,62.7,87.8,Fossé,Aucune,Mixte,9.17,1766.27,706.63,141641.489355
15,Ouest,Humifère,Maïs,85.36,22.7,75.5,45.7,Aspersion,Aucune,Aucun,9.97,4200.03,114.99,-260653.56319199997
16,Sud,Argileux,Maïs,71.7,14.6,75.2,79.9,Fossé,Aucune,Insecticide,7.3,3887.82,405.05,-66749.4735
17,Ouest,Limoneux,Coton,59.12,17.1,31.1,6.6,Aspersion,Aucune,Mixte,7.93,3797.87,816.09,158070.54514400003
18,Centre,Humifère,Coton,28.09,36.1,37.6,175.0,Aspersion,Aucune,Aucun,4.04,4442.87,169.73,-105538.646872
19,Nord,Sablonneux,Soja,91.08,24.2,69.6,252.7,Goutte-à-goutte,Aucune,Aucun,9.47,3752.53,354.08,-36376.65979200002
20,Ouest,Limoneux,Riz,4.99,26.1,39.7,164.7,Goutte-à-goutte,Aucune,Fongicide,5.77,1543.29,626.77,10345.132770999997
21,Sud,Humifère,Maïs,11.39,15.4,45.3,65.8,Pluie,Aucune,Mixte,7.59,3675.03,330.77,-13263.492123000004
22,Centre,Humifère,Riz,39.47,19.4,86.8,10.1,Goutte-à-goutte,Rouille,Aucun,9.32,1884.66,940.58,271614.604832
23,Ouest,Limoneux,Riz,12.88,16.9,63.6,64.4,Goutte-à-goutte,Mildiou,Aucun,9.78,1589.79,217.95,6977.881679999999
24,Nord,Sablonneux,Coton,95.66,16.2,75.0,124.8,Aspersion,Aucune,Mixte,8.5,828.52,817.65,585583.1682999999
25,Nord,Limoneux,Soja,79.9,29.1,63.5,227.9,Goutte-à-goutte,Aucune,Insecticide,3.73,3848.13,557.15,-141419.84395000004
26,Est,Humifère,Blé,26.27,17.7,63.2,56.4,Aspersion,Mildiou,Mixte,9.7,3699.5,775.3,100375.30569999995
27,Est,Argileux,Soja,59.06,29.0,35.6,215.9,Aspersion,Aucune,Mixte,6.65,1555.25,379.64,57250.16536000001
28,Sud,Argileux,Soja,98.24,11.8,50.6,260.1,Goutte-à-goutte,Rouille,Insecticide,9.38,3872.21,563.04,138430.494848
29,Ouest,Limoneux,Riz,88.48,14.3,46.9,136.2,Pluie,Aucune,Mixte,7.08,4630.28,871.15,136034.63776000007
30,Ouest,Humifère,Soja,60.28,18.2,53.4,246.4,Pluie,Aucune,Aucun,3.77,986.13,520.19,58772.17416400001
31,Est,Argileux,Maïs,90.42,27.9,77.9,166.4,Fossé,Aucune,Mixte,4.33,1546.86,423.75,26038.925550000014
32,Ouest,Humifère,Riz,98.92,30.3,52.3,191.1,Fossé,Aucune,Insecticide,5.95,3876.17,582.54,-40562.83844000002
33,Ouest,Limoneux,Maïs,74.46,23.3,57.1,157.9,Goutte-à-goutte,Rouille,Herbicide,8.11,1735.28,745.63,321055.08667799993
34,Nord,Argileux,Blé,6.97,23.4,53.8,139.0,Pluie,Aucune,Mixte,3.86,3310.99,499.21,-9646.754617999999
35,Est,Humifère,Riz,40.46,31.7,35.6,70.4,Aspersion,Mildiou,Fongicide,6.22,865.24,944.99,202809.70698800002
36,Centre,Argileux,Blé,83.86,10.5,56.5,91.0,Fossé,Fusariose,Aucun,4.11,2534.91,365.45,-86619.87452999999
37,Est,Limoneux,Riz,23.44,20.2,41.7,87.0,Aspersion,Aucune,Aucun,8.34,3825.91,527.92,13523.539231999996
38,Centre,Humifère,Coton,83.15,34.6,41.2,169.0,Fossé,Mildiou,Fongicide,5.2,3589.31,781.23,39337.10090000002
39,Nord,Argileux,Soja,12.47,28.1,35.6,36.0,Goutte-à-goutte,Aucune,Fongicide,1.69,4167.82,720.21,-36794.793797
40,Sud,Limoneux,Coton,5.17,20.1,51.4,275.0,Pluie,Aucune,Mixte,2.49,4448.53,877.28,-11705.411476
41,Ouest,Argileux,Blé,38.72,37.2,75.4,216.2,Fossé,Mildiou,Fongicide,1.55,3979.33,997.13,-94235.90352
42,Nord,Argileux,Soja,4.15,33.2,46.6,120.4,Pluie,Aucune,Herbicide,5.49,3522.14,484.17,-3585.793805000001
43,Ouest,Sablonneux,Riz,95.75,17.9,48.7,47.6,Aspersion,Aucune,Insecticide,1.96,642.75,200.04,-24001.805700000004
44,Sud,Sablonneux,Soja,82.71,29.4,68.6,264.6,Goutte-à-goutte,Aucune,Fongicide,2.03,2907.35,127.37,-219081.32991899998
45,Sud,Limoneux,Maïs,80.18,27.9,41.8,247.1,Pluie,Aucune,Fongicide,9.47,669.64,754.19,518968.2010740001
46,Nord,Sablonneux,Soja,63.16,22.0,83.8,216.5,Goutte-à-goutte,Fusariose,Herbicide,8.85,4136.31,886.61,234335.50565999997
47,Sud,Limoneux,Maïs,22.02,21.0,61.2,81.5,Pluie,Fusariose,Aucun,5.07,1943.26,298.64,-9449.997503999999
48,Centre,Sablonneux,Soja,52.07,20.3,56.9,120.7,Aspersion,Mildiou,Aucun,9.87,3030.93,242.6,-33140.888760000016
49,Sud,Argileux,Maïs,59.93,28.5,63.5,30.8,Aspersion,Mildiou,Mixte,1.0,1757.5,155.98,-95979.09360000001
50,Ouest,Limoneux,Blé,52.74,23.3,40.0,56.7,Goutte-à-goutte,Aucune,Herbicide,6.53,4021.25,840.43,77356.81164599999
51,Ouest,Limoneux,Coton,26.39,35.0,66.8,234.9,Aspersion,Aucune,Insecticide,6.55,4489.26,380.24,-52745.37632000001
52,Ouest,Argileux,Riz,51.77,30.1,51.8,214.5,Fossé,Aucune,Insecticide,5.12,2293.89,461.53,3579.5641719999985
53,Ouest,Limoneux,Soja,49.37,12.1,83.8,178.0,Pluie,Aucune,Herbicide,4.57,4383.15,552.48,-91745.08066799997
54,Centre,Limoneux,Coton,99.64,29.2,40.1,268.7,Aspersion,Aucune,Insecticide,5.1,1701.84,855.51,265168.0460399999
55,Est,Sablonneux,Riz,89.79,18.1,60.4,175.0,Fossé,Oïdium,Aucun,4.73,2905.97,685.75,30315.57322500006
56,Nord,Limoneux,Riz,46.61,27.8,65.9,140.1,Goutte-à-goutte,Aucune,Insecticide,7.57,4364.43,653.56,27174.524911999993
57,Ouest,Humifère,Maïs,62.48,30.4,32.0,102.1,Fossé,Aucune,Insecticide,2.22,1966.47,258.1,-87065.13024
58,Sud,Argileux,Blé,74.91,16.9,51.8,282.1,Goutte-à-goutte,Aucune,Herbicide,2.78,4793.19,561.87,-242048.54777399998
59,Ouest,Sablonneux,Blé,3.97,23.7,74.0,24.8,Goutte-à-goutte,Rouille,Herbicide,2.62,1048.46,743.84,3574.591176000001
60,Sud,Sablonneux,Coton,89.54,15.7,79.2,279.3,Pluie,Mildiou,Insecticide,3.36,582.24,975.93,241479.064992
61,Sud,Humifère,Blé,86.08,11.6,48.8,248.0,Pluie,Aucune,Fongicide,5.73,4568.61,281.27,-254532.78403199994
62,Ouest,Argileux,Soja,46.01,21.4,77.9,39.0,Fossé,Aucune,Herbicide,2.0,808.92,108.59,-27225.957399999992
63,Centre,Argileux,Blé,39.42,20.9,88.1,169.5,Pluie,Fusariose,Mixte,8.81,4963.5,167.77,-137396.293146
64,Sud,Sablonneux,Coton,27.66,39.9,81.4,260.0,Pluie,Aucune,Mixte,3.68,4781.29,438.27,-87639.504024
65,Sud,Limoneux,Blé,47.93,23.4,37.1,171.5,Pluie,Aucune,Aucun,2.46,1116.59,838.49,45346.352521999994
66,Ouest,Sablonneux,Soja,4.92,20.0,74.4,272.2,Fossé,Rouille,Insecticide,7.08,2919.13,106.43,-10654.779552
67,Sud,Argileux,Maïs,85.29,27.4,49.2,282.9,Aspersion,Fusariose,Fongicide,1.34,1332.14,511.06,-55209.888684000005
68,Sud,Humifère,Coton,4.02,12.7,89.3,126.7,Pluie,Aucune,Aucun,6.58,2426.7,396.31,727.6995959999986
69,Ouest,Sablonneux,Maïs,33.24,38.8,59.1,113.2,Pluie,Mildiou,Insecticide,7.28,776.41,147.23,9819.907056000004
70,Ouest,Argileux,Maïs,93.19,29.0,37.3,280.9,Fossé,Fusariose,Herbicide,2.93,1507.66,505.21,-2552.912093000021
71,Nord,Sablonneux,Maïs,73.65,32.6,73.5,202.5,Aspersion,Aucune,Mixte,1.38,2134.73,329.27,-123756.84951000003
72,Centre,Limoneux,Riz,28.5,15.1,49.4,34.8,Pluie,Oïdium,Fongicide,4.27,2473.91,416.7,-19796.128500000006
73,Centre,Sablonneux,Riz,25.64,22.3,89.8,12.7,Goutte-à-goutte,Mildiou,Mixte,1.89,4898.73,735.05,-89983.20822
74,Sud,Sablonneux,Maïs,1.01,22.7,88.8,169.4,Fossé,Mildiou,Herbicide,2.05,4135.4,569.4,-2997.8113000000003
75,Centre,Argileux,Coton,69.72,34.7,69.4,279.1,Pluie,Mildiou,Insecticide,3.29,3818.34,212.18,-217545.07101600003
76,Sud,Argileux,Soja,5.35,10.0,37.8,253.3,Pluie,Aucune,Herbicide,3.66,2916.69,965.27,3296.660369999998
77,Nord,Argileux,Soja,53.49,19.0,71.2,202.8,Goutte-à-goutte,Aucune,Herbicide,5.77,4279.99,672.32,-21433.635563999967
78,Ouest,Sablonneux,Blé,96.23,39.4,35.6,41.7,Goutte-à-goutte,Aucune,Mixte,7.11,2026.95,789.28,344968.2678840001
79,Ouest,Limoneux,Coton,11.39,24.2,31.8,76.3,Fossé,Aucune,Fongicide,6.33,3690.05,171.29,-29679.883177000003
80,Ouest,Humifère,Riz,89.5,21.5,79.4,262.7,Fossé,Aucune,Herbicide,2.34,4972.03,142.35,-415184.3245
81,Centre,Humifère,Maïs,99.15,13.6,42.6,54.8,Goutte-à-goutte,Fusariose,Mixte,2.55,1915.83,117.5,-160246.72575
82,Nord,Argileux,Blé,6.62,39.2,52.7,83.5,Fossé,Fusariose,Fongicide,8.91,3533.08,269.91,-7468.564177999999
83,Centre,Argileux,Soja,88.35,10.6,88.4,38.9,Goutte-à-goutte,Rouille,Insecticide,6.03,4299.42,472.97,-127878.753015
84,Centre,Sablonneux,Riz,51.85,32.1,50.2,202.8,Pluie,Fusariose,Insecticide,8.83,4621.13,942.24,191785.33101999995
85,Nord,Humifère,Riz,90.7,33.1,47.8,283.2,Goutte-à-goutte,Mildiou,Aucun,4.34,3730.7,511.35,-137087.69869999998
86,Nord,Argileux,Maïs,57.35,17.3,85.1,80.7,Goutte-à-goutte,Aucune,Mixte,6.53,1776.24,361.23,33411.64546500001
87,Nord,Limoneux,Soja,66.38,30.1,36.6,142.6,Aspersion,Aucune,Fongicide,5.71,1968.27,605.74,98939.748452
88,Nord,Limoneux,Coton,54.61,12.8,75.6,190.3,Goutte-à-goutte,Aucune,Herbicide,3.87,593.41,200.74,10018.412018000006
89,Ouest,Argileux,Riz,86.52,17.7,89.3,299.8,Goutte-à-goutte,Mildiou,Insecticide,5.23,3923.99,648.56,-46030.474224000005
90,Est,Argileux,Maïs,73.52,33.6,84.1,31.4,Aspersion,Aucune,Fongicide,5.52,692.33,611.59,197301.712736
91,Est,Humifère,Coton,52.37,35.9,69.1,149.6,Fossé,Rouille,Mixte,2.81,4390.94,812.79,-110343.595237
92,Nord,Humifère,Soja,86.88,28.3,48.8,115.5,Aspersion,Aucune,Aucun,3.84,1033.97,988.02,239791.12838399998
93,Est,Sablonneux,Riz,24.91,25.2,45.3,259.7,Pluie,Mildiou,Insecticide,8.12,1273.44,325.79,34175.892267999996
94,Est,Humifère,Coton,16.16,14.8,79.2,142.8,Aspersion,Fusariose,Fongicide,9.24,2644.37,558.69,40689.67769600001
95,Nord,Limoneux,Coton,16.46,11.9,82.8,33.3,Pluie,Mildiou,Fongicide,4.24,3820.46,917.98,1181.4197920000006
96,Est,Limoneux,Coton,33.73,13.5,61.5,190.3,Fossé,Oïdium,Fongicide,3.76,1125.51,806.67,64342.30911599998
97,Centre,Argileux,Riz,24.25,16.8,44.7,231.2,Aspersion,Fusariose,Mixte,2.76,2480.32,538.67,-24094.576900000007
98,Sud,Humifère,Riz,93.04,20.3,36.8,0.9,Aspersion,Oïdium,Mixte,7.11,2672.83,950.83,380307.63375200005
99,Sud,Sablonneux,Blé,11.03,21.4,35.2,257.7,Fossé,Oïdium,Mixte,3.91,1455.29,151.51,-9517.631476999999
100,Nord,Limoneux,Soja,70.05,20.4,73.1,55.8,Pluie,Fusariose,Herbicide,9.89,1020.01,937.9,578320.26105
101,Ouest,Limoneux,Maïs,19.33,17.2,55.2,165.6,Aspersion,Rouille,Fongicide,3.93,4263.89,145.46,-71370.848426
102,Nord,Sablonneux,Coton,88.22,25.3,84.3,124.7,Pluie,Aucune,Insecticide,4.55,2761.1,592.57,-5726.051429999963
103,Ouest,Sablonneux,Blé,96.15,34.8,74.4,215.9,Aspersion,Aucune,Mixte,6.43,564.72,901.4,502987.76430000004
104,Sud,Limoneux,Maïs,46.81,18.4,41.5,111.3,Goutte-à-goutte,Aucune,Mixte,8.22,4113.42,336.45,-63090.564809999996
105,Nord,Limoneux,Blé,87.97,38.3,66.8,260.9,Aspersion,Aucune,Fongicide,5.23,4913.57,525.02,-190693.92373799995
106,Centre,Sablonneux,Riz,1.01,36.2,56.1,219.1,Fossé,Aucune,Mixte,4.8,3226.67,391.9,-1359.0055000000002
107,Est,Limoneux,Coton,82.08,14.9,64.6,194.3,Fossé,Oïdium,Herbicide,9.96,2766.69,956.93,555216.4362240001
108,Ouest,Argileux,Maïs,23.25,33.6,74.3,238.9,Pluie,Fusariose,Herbicide,1.09,4452.87,841.28,-82209.0891
109,Est,Argileux,Maïs,90.92,27.2,78.4,226.2,Aspersion,Fusariose,Mixte,9.06,4786.33,738.1,172825.8275200001
110,Est,Sablonneux,Maïs,0.61,27.0,80.6,10.8,Pluie,Aucune,Fongicide,2.34,3895.42,628.86,-1478.5714360000002
111,Nord,Humifère,Maïs,55.84,21.7,45.2,118.4,Pluie,Aucune,Fongicide,8.07,2504.54,838.53,238012.25406400004
112,Est,Sablonneux,Maïs,75.79,25.0,31.9,279.2,Goutte-à-goutte,Aucune,Fongicide,6.56,3165.0,453.04,-14631.835503999988
113,Centre,Sablonneux,Blé,26.24,21.9,74.4,37.7,Goutte-à-goutte,Aucune,Aucun,4.08,3654.21,502.8,-42057.10464
114,Est,Humifère,Coton,19.72,26.2,36.4,221.1,Fossé,Aucune,Mixte,8.86,1374.23,757.0,105162.61879999997
115,Nord,Humifère,Riz,8.87,28.8,48.9,292.4,Pluie,Aucune,Fongicide,1.12,2512.4,421.98,-18092.869887999997
116,Centre,Humifère,Riz,32.98,30.2,30.2,15.7,Fossé,Oïdium,Herbicide,3.04,4234.2,157.51,-123852.08940799997
117,Sud,Argileux,Riz,56.2,26.0,70.9,204.7,Aspersion,Mildiou,Insecticide,6.1,3446.26,166.9,-136463.15400000004
118,Est,Limoneux,Riz,12.03,31.6,40.0,140.4,Pluie,Aucune,Insecticide,4.16,2350.42,203.83,-18074.921016
119,Nord,Argileux,Blé,37.98,14.2,69.3,173.8,Pluie,Aucune,Fongicide,6.49,3485.13,882.71,85214.12704200001
120,Sud,Limoneux,Soja,1.4,16.4,89.5,25.6,Aspersion,Aucune,Insecticide,1.22,1032.0,525.0,-548.1
121,Sud,Argileux,Coton,81.96,34.6,34.4,12.9,Aspersion,Aucune,Insecticide,2.05,2306.74,741.59,-64459.94177999998
122,Ouest,Limoneux,Maïs,13.28,19.7,34.6,200.1,Fossé,Oïdium,Aucun,2.14,4069.08,453.62,-41145.86489599999
123,Centre,Argileux,Soja,28.69,10.7,50.4,247.0,Fossé,Aucune,Herbicide,2.7,1492.29,332.84,-17031.01518
124,Est,Humifère,Riz,2.33,14.6,82.0,234.6,Aspersion,Aucune,Herbicide,5.13,1336.83,412.47,1815.3987630000001
125,Nord,Sablonneux,Soja,43.51,16.7,42.9,163.1,Fossé,Aucune,Aucun,7.77,4778.68,814.76,67527.74625200001
126,Ouest,Argileux,Coton,84.09,38.7,51.6,30.0,Aspersion,Aucune,Aucun,9.15,1444.54,662.69,388417.89061500004
127,Centre,Limoneux,Maïs,39.52,27.2,34.1,206.4,Pluie,Rouille,Insecticide,8.52,1674.13,943.88,251652.594752
128,Ouest,Humifère,Maïs,18.36,38.0,75.8,72.6,Pluie,Mildiou,Mixte,2.77,4863.27,711.73,-53093.04224400001
129,Centre,Argileux,Coton,75.49,27.3,54.5,273.3,Goutte-à-goutte,Rouille,Insecticide,4.97,3806.19,613.16,-57280.66455200003
130,Centre,Argileux,Coton,78.99,24.4,75.6,251.5,Pluie,Aucune,Aucun,2.79,3648.18,649.18,-145102.08652199997
131,Est,Humifère,Riz,17.79,19.4,84.2,212.8,Aspersion,Aucune,Herbicide,3.38,4338.17,948.13,-20164.797774
132,Centre,Argileux,Maïs,77.2,28.2,44.0,284.7,Fossé,Aucune,Insecticide,5.53,1021.2,809.38,266700.63208
133,Ouest,Sablonneux,Soja,94.76,14.2,78.4,9.4,Goutte-à-goutte,Fusariose,Mixte,1.61,3676.8,121.64,-329855.73169600003
134,Centre,Argileux,Blé,17.05,36.9,33.5,220.9,Fossé,Aucune,Insecticide,2.96,2766.6,580.73,-17862.248359999998
135,Est,Sablonneux,Blé,77.21,34.9,83.9,99.1,Aspersion,Aucune,Fongicide,9.42,4231.18,719.5,196616.03709999996
136,Est,Sablonneux,Coton,71.0,19.5,69.0,271.8,Pluie,Rouille,Insecticide,5.2,2786.64,773.83,87846.59600000002
137,Ouest,Humifère,Riz,47.62,38.6,82.5,80.0,Goutte-à-goutte,Rouille,Aucun,5.01,3291.09,291.83,-87098.01335400001
138,Sud,Argileux,Blé,6.26,34.8,30.0,217.5,Aspersion,Aucune,Herbicide,1.13,2649.84,880.46,-10359.800452000001
139,Sud,Humifère,Maïs,7.93,30.0,40.1,263.3,Goutte-à-goutte,Aucune,Herbicide,3.23,2651.72,960.26,3567.864013999999
140,Centre,Argileux,Coton,85.32,13.7,53.4,12.5,Goutte-à-goutte,Aucune,Aucun,8.8,3955.86,313.04,-102478.53455999997
141,Nord,Argileux,Soja,99.02,24.3,52.8,119.3,Pluie,Fusariose,Fongicide,2.48,3328.55,894.35,-109967.84924000004
142,Centre,Limoneux,Coton,67.77,25.2,43.6,228.7,Aspersion,Aucune,Aucun,4.74,3349.68,187.28,-166847.89665599997
143,Ouest,Argileux,Soja,44.87,17.0,52.9,136.5,Fossé,Oïdium,Insecticide,1.13,2526.27,150.14,-105741.171466
144,Ouest,Humifère,Coton,64.93,12.4,37.7,80.2,Goutte-à-goutte,Aucune,Aucun,5.31,2889.99,216.3,-113071.50441
145,Ouest,Sablonneux,Coton,59.64,33.3,54.8,65.9,Goutte-à-goutte,Oïdium,Aucun,1.19,3855.73,151.97,-219170.183148
146,Ouest,Argileux,Coton,38.67,13.7,78.1,39.5,Fossé,Fusariose,Fongicide,8.38,4216.73,860.51,115791.27474600004
147,Ouest,Limoneux,Soja,7.03,27.8,58.7,257.1,Aspersion,Aucune,Insecticide,8.42,3634.53,153.15,-16485.39921
148,Est,Humifère,Soja,82.24,38.1,31.1,172.6,Goutte-à-goutte,Fusariose,Mixte,8.09,4658.33,344.5,-153897.76799999995
149,Sud,Argileux,Coton,37.5,36.3,55.3,22.9,Goutte-à-goutte,Aucune,Mixte,3.55,4191.46,193.38,-131436.0375
150,Ouest,Humifère,Blé,81.97,18.3,31.6,114.8,Goutte-à-goutte,Oïdium,Herbicide,8.54,3028.39,365.88,7887.579643999983
151,Nord,Limoneux,Riz,25.62,35.5,88.0,110.3,Aspersion,Rouille,Aucun,5.89,3521.33,181.5,-62827.797900000005
152,Nord,Limoneux,Riz,0.6,10.0,37.6,54.5,Aspersion,Aucune,Herbicide,4.36,4668.39,701.2,-966.6948
153,Nord,Humifère,Riz,16.31,10.5,72.5,130.7,Fossé,Rouille,Fongicide,6.63,3286.26,219.99,-29810.215953000003
154,Nord,Argileux,Soja,47.12,28.1,88.4,99.6,Aspersion,Oïdium,Mixte,1.11,4211.63,866.66,-153122.914288
155,Est,Sablonneux,Soja,94.46,20.9,79.6,102.5,Aspersion,Aucune,Aucun,2.29,3599.65,835.47,-159299.582702
156,Nord,Limoneux,Blé,10.67,21.6,72.0,221.7,Pluie,Aucune,Fongicide,7.68,2983.71,112.3,-22633.694820000004
157,Ouest,Argileux,Riz,85.49,26.9,80.4,67.0,Fossé,Mildiou,Fongicide,3.2,1588.27,906.15,112112.44090000002
158,Centre,Argileux,Riz,52.94,15.8,88.9,192.6,Goutte-à-goutte,Fusariose,Aucun,6.38,2416.99,126.05,-85381.15553999998
159,Nord,Sablonneux,Coton,82.68,16.4,67.3,171.2,Aspersion,Aucune,Fongicide,4.47,4854.84,315.68,-284729.283072
160,Est,Limoneux,Soja,30.19,24.5,63.6,170.4,Goutte-à-goutte,Aucune,Aucun,8.69,3459.94,129.15,-70572.944035
161,Est,Limoneux,Riz,84.07,32.6,67.7,198.9,Goutte-à-goutte,Aucune,Aucun,9.57,3039.78,402.26,68083.93817399998
162,Nord,Argileux,Blé,77.4,28.6,62.0,164.5,Pluie,Aucune,Insecticide,8.95,4698.3,562.48,25998.350399999996
163,Centre,Argileux,Blé,23.39,18.9,68.1,263.8,Aspersion,Aucune,Herbicide,3.44,3139.3,816.98,-7692.709031999999
164,Nord,Sablonneux,Riz,13.57,22.9,57.0,202.7,Fossé,Oïdium,Fongicide,2.75,2867.37,404.18,-23827.223749999997
165,Est,Sablonneux,Soja,86.87,15.1,43.1,164.1,Aspersion,Aucune,Fongicide,5.27,3916.9,734.94,-3801.969793999975
166,Sud,Limoneux,Blé,96.34,12.2,37.2,248.9,Goutte-à-goutte,Rouille,Insecticide,1.07,3707.0,268.75,-329428.60875
167,Ouest,Humifère,Coton,3.61,33.5,34.1,181.8,Fossé,Aucune,Insecticide,1.23,1369.22,775.54,-1499.2539379999998
168,Est,Limoneux,Blé,73.26,18.0,45.8,87.3,Aspersion,Aucune,Insecticide,5.98,2620.89,312.4,-55145.58588
169,Nord,Argileux,Maïs,91.0,15.3,32.8,62.1,Goutte-à-goutte,Aucune,Mixte,5.68,2626.32,229.19,-120531.39280000003
170,Ouest,Limoneux,Maïs,85.81,30.7,64.0,45.7,Goutte-à-goutte,Aucune,Mixte,9.95,2202.01,266.87,38901.66316499995
171,Nord,Humifère,Soja,96.47,28.5,47.0,269.8,Pluie,Rouille,Mixte,2.82,2827.82,263.86,-201017.896156
172,Nord,Sablonneux,Riz,76.13,29.0,79.5,213.0,Pluie,Oïdium,Aucun,3.32,2358.98,561.58,-37648.903871999995
173,Sud,Humifère,Soja,44.51,16.9,34.5,281.2,Pluie,Rouille,Fongicide,2.02,1397.05,860.32,15168.847764000013
174,Ouest,Humifère,Soja,31.54,17.0,43.6,181.0,Goutte-à-goutte,Oïdium,Herbicide,9.26,2355.65,171.64,-24167.953944000008
175,Ouest,Humifère,Soja,32.41,16.6,73.8,142.0,Aspersion,Fusariose,Aucun,8.0,825.25,736.26,164151.14029999997
176,Sud,Sablonneux,Soja,72.58,15.2,65.9,17.9,Pluie,Aucune,Fongicide,8.4,3091.04,688.91,195661.45432
177,Est,Humifère,Coton,74.71,29.7,33.9,201.5,Aspersion,Fusariose,Fongicide,9.12,4341.45,885.27,278833.588404
178,Nord,Humifère,Coton,20.44,35.4,82.6,174.7,Pluie,Rouille,Insecticide,5.72,3763.79,319.73,-39550.059135999996
179,Centre,Humifère,Blé,86.88,31.7,82.6,297.1,Fossé,Aucune,Insecticide,5.06,2121.77,505.1,37709.04768000002
180,Nord,Argileux,Maïs,71.63,33.8,49.8,71.7,Fossé,Mildiou,Aucun,3.97,891.82,933.24,201505.41876400003
181,Nord,Humifère,Soja,56.49,22.1,50.4,159.2,Pluie,Aucune,Insecticide,6.3,1409.67,693.99,167349.76082999998
182,Est,Sablonneux,Blé,47.42,29.6,89.3,195.3,Goutte-à-goutte,Aucune,Fongicide,5.09,2954.71,449.89,-31523.38865800001
183,Nord,Humifère,Maïs,54.55,20.6,67.6,193.4,Pluie,Mildiou,Insecticide,5.06,1431.76,218.27,-17854.96779000001
184,Sud,Humifère,Riz,16.34,25.8,61.9,168.4,Pluie,Aucune,Mixte,9.43,2947.88,336.24,3641.5846879999954
185,Sud,Sablonneux,Coton,20.77,24.4,80.3,233.1,Goutte-à-goutte,Aucune,Insecticide,9.86,1542.2,623.09,95572.47789800001
186,Ouest,Humifère,Maïs,9.57,15.3,47.1,61.5,Fossé,Oïdium,Fongicide,8.17,4320.16,746.35,17010.861615
187,Centre,Sablonneux,Riz,15.79,21.6,55.8,217.7,Aspersion,Rouille,Aucun,7.81,2287.72,211.98,-9981.746397999996
188,Nord,Humifère,Maïs,45.64,38.9,46.1,185.9,Pluie,Aucune,Herbicide,7.13,1604.98,639.64,134896.012048
189,Nord,Sablonneux,Coton,53.27,17.5,77.3,268.8,Goutte-à-goutte,Rouille,Insecticide,2.49,4155.47,595.32,-142397.272864
190,Est,Humifère,Coton,2.28,14.0,64.4,254.2,Pluie,Aucune,Fongicide,1.53,2042.78,562.56,-2695.104096
191,Sud,Humifère,Blé,79.78,22.6,69.5,94.5,Goutte-à-goutte,Aucune,Herbicide,7.22,1001.69,721.11,335452.89667600003
192,Centre,Argileux,Soja,29.77,33.7,45.1,82.9,Aspersion,Oïdium,Herbicide,7.56,3066.84,853.7,100834.91963999998
193,Ouest,Argileux,Maïs,91.23,27.5,43.2,294.5,Aspersion,Rouille,Mixte,1.42,3117.04,390.69,-233754.99804600002
194,Sud,Humifère,Maïs,96.77,30.4,59.3,158.2,Fossé,Aucune,Herbicide,9.35,3716.13,900.11,454809.17784500006
195,Ouest,Humifère,Riz,18.95,15.7,74.3,271.9,Goutte-à-goutte,Fusariose,Fongicide,1.82,1580.99,244.57,-21524.785770000002
196,Est,Limoneux,Coton,46.48,28.6,61.5,49.2,Goutte-à-goutte,Fusariose,Fongicide,3.57,2496.97,255.72,-73626.62540799999
197,Est,Sablonneux,Maïs,0.62,19.7,32.0,192.8,Fossé,Aucune,Insecticide,7.05,1770.66,340.09,388.7241899999997
198,Nord,Limoneux,Coton,60.03,35.0,82.1,243.0,Fossé,Aucune,Insecticide,2.53,864.29,207.58,-20356.929377999997
199,Centre,Argileux,Maïs,60.93,28.9,33.9,284.2,Goutte-à-goutte,Aucune,Insecticide,1.5,4444.76,307.29,-242734.45725
200,Ouest,Argileux,Blé,25.13,16.0,87.3,101.2,Fossé,Rouille,Herbicide,3.98,3779.91,195.77,-75408.731902
201,Sud,Argileux,Soja,56.06,11.9,31.5,217.5,Aspersion,Rouille,Herbicide,7.89,1856.58,839.58,267277.60957200004
202,Est,Argileux,Maïs,22.94,11.3,71.7,161.6,Pluie,Rouille,Mixte,4.72,3197.18,225.07,-48973.44982400001
203,Nord,Humifère,Coton,16.5,21.1,34.9,18.2,Aspersion,Oïdium,Insecticide,6.88,1405.69,772.57,64508.261399999996
204,Nord,Argileux,Blé,65.33,18.0,84.6,207.0,Fossé,Mildiou,Aucun,6.22,4506.06,143.12,-236223.71568800003
205,Ouest,Humifère,Maïs,32.93,29.4,57.9,207.0,Goutte-à-goutte,Aucune,Mixte,1.2,1017.08,953.67,4192.7793200000015
206,Est,Humifère,Riz,59.23,25.0,38.3,279.2,Goutte-à-goutte,Aucune,Aucun,9.9,517.27,740.04,403304.53297999996
207,Centre,Argileux,Soja,43.61,18.0,50.4,149.2,Aspersion,Aucune,Herbicide,1.37,2759.04,106.12,-113981.520716
208,Est,Argileux,Maïs,98.44,14.5,39.9,69.1,Goutte-à-goutte,Aucune,Mixte,9.71,3124.08,787.47,445170.654228
209,Ouest,Sablonneux,Blé,15.38,13.8,40.2,13.4,Fossé,Rouille,Mixte,5.95,3105.34,562.67,3730.3651699999973
210,Ouest,Limoneux,Riz,46.73,35.9,86.9,124.7,Aspersion,Fusariose,Fongicide,9.67,745.3,801.43,327321.598113
211,Est,Argileux,Blé,68.21,17.3,56.7,90.6,Goutte-à-goutte,Aucune,Herbicide,2.03,1913.2,570.25,-51538.96442500001
212,Ouest,Sablonneux,Blé,39.86,29.6,77.3,228.3,Pluie,Aucune,Herbicide,5.41,2746.4,676.92,36501.28479199998
213,Est,Sablonneux,Riz,97.48,34.3,68.4,106.3,Pluie,Mildiou,Mixte,2.53,1474.61,807.7,55453.54508000001
214,Sud,Limoneux,Blé,72.33,28.4,70.6,284.7,Fossé,Aucune,Herbicide,1.46,4426.82,464.6,-271129.29432
215,Est,Humifère,Riz,65.87,35.8,37.9,288.7,Goutte-à-goutte,Aucune,Mixte,6.56,891.99,102.44,-14490.319732000004
216,Est,Argileux,Maïs,75.83,21.8,44.1,186.3,Fossé,Aucune,Fongicide,2.87,2693.23,864.95,-15986.746004999994
217,Ouest,Limoneux,Riz,95.29,38.7,77.2,278.6,Aspersion,Aucune,Mixte,6.29,3611.37,442.8,-78724.59581999999
218,Ouest,Argileux,Riz,90.83,14.0,88.2,228.3,Pluie,Oïdium,Herbicide,2.01,1677.88,546.44,-52639.21854800002
219,Nord,Sablonneux,Soja,72.57,13.1,45.8,164.1,Aspersion,Aucune,Herbicide,3.99,3309.08,106.99,-209160.52104299996
220,Nord,Sablonneux,Riz,75.04,29.8,46.3,54.1,Goutte-à-goutte,Aucune,Mixte,8.03,4232.23,542.88,9537.313856000022
221,Sud,Humifère,Riz,15.02,38.3,58.4,137.6,Fossé,Aucune,Mixte,4.93,1356.52,987.84,52773.238624000005
222,Nord,Sablonneux,Maïs,10.73,34.3,89.0,168.3,Fossé,Oïdium,Mixte,6.65,4627.49,350.44,-24647.49672
223,Est,Sablonneux,Soja,57.3,12.3,46.1,259.2,Fossé,Aucune,Insecticide,6.83,2991.01,455.88,7027.867920000019
224,Ouest,Limoneux,Coton,2.33,18.4,54.4,144.4,Aspersion,Aucune,Herbicide,8.59,1846.54,718.47,10077.523309
225,Nord,Argileux,Maïs,48.49,37.9,83.5,269.3,Pluie,Aucune,Herbicide,3.92,2438.86,833.31,40135.91004799999
226,Nord,Argileux,Maïs,21.43,17.6,30.2,202.3,Aspersion,Aucune,Insecticide,7.19,1904.86,475.65,32467.810805
227,Sud,Limoneux,Coton,34.93,33.4,32.4,41.1,Aspersion,Aucune,Mixte,9.65,3763.0,378.7,-3791.4768500000064
228,Sud,Humifère,Riz,77.69,34.8,66.2,298.5,Goutte-à-goutte,Rouille,Fongicide,7.57,4083.35,944.04,237967.01823200006
229,Est,Argileux,Blé,94.15,24.9,84.4,158.2,Goutte-à-goutte,Aucune,Mixte,5.41,4248.22,709.43,-38620.67835500004
230,Ouest,Sablonneux,Soja,7.71,21.6,44.3,117.6,Goutte-à-goutte,Aucune,Mixte,6.68,4935.96,207.12,-27388.991664
231,Sud,Argileux,Blé,53.66,23.5,58.2,197.7,Pluie,Fusariose,Insecticide,7.66,4060.78,162.04,-151297.24617600002
232,Nord,Sablonneux,Coton,88.31,16.8,57.0,32.7,Pluie,Aucune,Herbicide,6.51,3206.23,535.19,24537.54283900006
233,Ouest,Humifère,Maïs,8.71,36.7,58.4,191.0,Goutte-à-goutte,Aucune,Mixte,1.15,2026.49,298.08,-14665.009580000002
234,Ouest,Limoneux,Maïs,82.54,23.5,67.4,149.5,Goutte-à-goutte,Aucune,Herbicide,2.75,2950.68,328.59,-168964.12605000002
235,Nord,Argileux,Soja,36.1,36.5,58.2,122.0,Pluie,Oïdium,Aucun,8.29,684.81,889.92,241603.82747999998
236,Sud,Limoneux,Maïs,32.55,13.2,56.8,285.9,Fossé,Aucune,Herbicide,3.45,3851.71,180.61,-105091.10902499998
237,Nord,Argileux,Maïs,97.76,39.6,58.5,156.8,Pluie,Fusariose,Fongicide,7.58,2506.8,743.83,306128.73366400006
238,Ouest,Sablonneux,Soja,20.49,23.3,65.5,65.7,Pluie,Mildiou,Fongicide,4.35,590.1,344.03,18572.760944999995
239,Centre,Limoneux,Soja,69.47,11.4,62.2,137.7,Pluie,Aucune,Mixte,5.7,781.28,784.3,256290.8081
240,Centre,Argileux,Coton,82.23,11.1,81.2,275.8,Goutte-à-goutte,Oïdium,Herbicide,1.61,2243.6,750.17,-85175.99664900001
241,Est,Sablonneux,Maïs,4.6,32.4,33.0,52.8,Fossé,Aucune,Mixte,2.63,3125.4,106.65,-13086.5883
242,Nord,Limoneux,Maïs,67.2,29.8,80.0,64.2,Pluie,Aucune,Insecticide,9.61,2588.92,558.22,186518.58624000003
243,Nord,Limoneux,Coton,95.18,34.1,80.6,3.9,Goutte-à-goutte,Fusariose,Fongicide,9.01,3286.42,225.39,-119513.34759800005
244,Est,Argileux,Riz,12.86,13.2,47.1,4.3,Aspersion,Mildiou,Mixte,6.87,2661.32,879.6,43486.50152
245,Est,Argileux,Riz,89.67,11.1,57.8,248.8,Aspersion,Rouille,Insecticide,5.14,3477.67,884.43,95794.47893400001
246,Est,Argileux,Riz,59.68,25.3,56.3,219.6,Pluie,Aucune,Mixte,7.08,1486.07,476.51,112653.20934399999
247,Ouest,Sablonneux,Coton,61.85,21.6,43.1,106.5,Aspersion,Aucune,Herbicide,6.57,1007.79,499.96,140829.18432
248,Nord,Argileux,Maïs,61.49,23.9,53.8,209.5,Fossé,Mildiou,Herbicide,6.12,3183.95,372.95,-55432.98903999996
249,Ouest,Limoneux,Coton,30.23,39.7,32.7,118.6,Aspersion,Aucune,Herbicide,1.53,2681.1,744.95,-46594.30009499999
250,Est,Limoneux,Coton,93.55,39.1,46.7,285.9,Aspersion,Aucune,Herbicide,6.7,620.9,422.8,206919.50300000003
251,Nord,Argileux,Riz,94.76,38.3,79.0,290.1,Fossé,Aucune,Aucun,7.92,2212.17,341.01,46302.502991999965
252,Ouest,Argileux,Blé,62.72,33.5,47.1,117.8,Pluie,Aucune,Insecticide,9.95,977.57,489.01,243860.34623999996
253,Ouest,Humifère,Maïs,78.45,20.6,79.1,256.3,Pluie,Fusariose,Insecticide,1.1,2891.11,182.34,-211072.5492
254,Est,Limoneux,Riz,61.42,22.4,61.9,231.9,Fossé,Aucune,Herbicide,7.57,2281.0,771.94,218814.01983600008
255,Nord,Sablonneux,Blé,48.7,26.5,82.8,93.0,Fossé,Oïdium,Aucun,6.15,3259.18,111.34,-125375.17929999999
256,Est,Humifère,Blé,66.25,34.9,64.5,69.6,Fossé,Aucune,Herbicide,4.91,4125.21,680.04,-52086.65099999998
257,Nord,Argileux,Soja,55.52,12.1,31.8,137.5,Aspersion,Mildiou,Aucun,2.15,1848.51,264.58,-71046.88976
258,Centre,Argileux,Maïs,59.95,22.7,70.5,234.4,Fossé,Aucune,Herbicide,4.68,4829.46,309.16,-202786.34244000004
259,Sud,Limoneux,Blé,78.49,12.5,32.7,288.1,Goutte-à-goutte,Aucune,Fongicide,4.19,2910.36,672.07,-7408.412082999974
260,Sud,Argileux,Riz,48.35,25.4,57.0,229.1,Aspersion,Aucune,Fongicide,3.73,3282.31,993.65,20500.61757500001
261,Sud,Sablonneux,Soja,4.56,37.0,85.8,256.6,Pluie,Aucune,Mixte,7.58,3563.03,799.95,11402.69496
262,Est,Limoneux,Maïs,16.82,33.5,39.9,180.9,Pluie,Aucune,Herbicide,7.31,3500.29,303.26,-21587.787108000004
263,Centre,Argileux,Coton,44.14,16.8,53.4,250.6,Pluie,Oïdium,Insecticide,6.3,2799.37,258.42,-51702.24136
264,Nord,Limoneux,Riz,72.62,39.3,73.8,235.3,Aspersion,Rouille,Mixte,9.45,2429.44,879.61,427214.34619
265,Ouest,Argileux,Blé,59.53,30.0,82.9,113.1,Goutte-à-goutte,Aucune,Fongicide,4.15,742.02,499.77,79295.47801500002
266,Nord,Argileux,Blé,65.2,10.3,70.3,165.6,Fossé,Aucune,Herbicide,3.19,599.39,223.35,7373.891799999998
267,Ouest,Argileux,Riz,48.19,17.7,45.5,241.4,Fossé,Aucune,Mixte,6.9,2110.83,875.99,189555.41319
268,Nord,Sablonneux,Blé,61.77,17.8,70.5,13.8,Pluie,Aucune,Herbicide,2.79,2001.47,834.48,20182.06268399999
269,Centre,Sablonneux,Soja,33.24,12.1,47.8,242.4,Pluie,Mildiou,Fongicide,3.84,2244.63,985.52,51181.848432
270,Ouest,Limoneux,Maïs,47.28,38.8,73.1,53.4,Aspersion,Oïdium,Mixte,3.02,1122.66,918.77,78107.760912
271,Est,Argileux,Soja,74.56,24.3,87.2,154.4,Goutte-à-goutte,Aucune,Fongicide,1.62,3821.76,866.61,-180275.030208
272,Nord,Argileux,Blé,87.25,36.9,73.3,242.5,Fossé,Aucune,Aucun,8.45,4356.34,147.32,-271477.1535000001
273,Nord,Sablonneux,Coton,43.65,19.7,81.8,76.1,Aspersion,Aucune,Fongicide,3.29,4724.22,193.97,-178356.46225500002
274,Ouest,Argileux,Maïs,4.84,13.8,30.1,73.7,Fossé,Rouille,Herbicide,5.26,2715.63,612.08,2438.928272000001
275,Est,Sablonneux,Maïs,16.59,24.2,73.1,120.8,Pluie,Aucune,Insecticide,1.39,3653.9,578.33,-47281.853367
276,Est,Argileux,Riz,2.58,13.4,79.8,268.4,Fossé,Rouille,Fongicide,7.29,4349.98,512.17,-1589.952605999999
277,Centre,Limoneux,Riz,65.5,24.6,32.4,0.1,Goutte-à-goutte,Rouille,Insecticide,3.98,2382.31,457.11,-36877.29909999999
278,Est,Argileux,Coton,33.57,37.6,82.3,270.4,Goutte-à-goutte,Aucune,Aucun,7.7,1892.36,488.09,62639.370810000015
279,Est,Argileux,Maïs,54.48,25.6,45.4,46.1,Pluie,Mildiou,Mixte,4.71,4715.26,612.37,-99752.732904
280,Est,Humifère,Coton,49.58,28.5,69.9,297.0,Goutte-à-goutte,Aucune,Mixte,2.76,2820.54,101.87,-125902.40090400001
281,Sud,Sablonneux,Riz,8.61,14.7,78.0,286.5,Goutte-à-goutte,Rouille,Insecticide,5.62,2737.64,334.64,-7378.453152
282,Centre,Argileux,Riz,40.62,11.3,69.8,148.4,Aspersion,Aucune,Mixte,2.17,1302.87,566.45,-2992.617569999995
283,Nord,Argileux,Maïs,22.45,13.3,35.5,153.8,Fossé,Aucune,Fongicide,4.96,986.7,749.99,61361.47148
284,Ouest,Humifère,Soja,42.13,28.0,65.8,144.5,Pluie,Oïdium,Insecticide,3.86,4289.48,256.74,-138964.27146800002
285,Nord,Humifère,Blé,20.76,12.9,63.0,190.6,Pluie,Fusariose,Herbicide,9.21,3263.6,592.19,45474.155124000026
286,Centre,Sablonneux,Riz,84.13,21.3,84.0,27.2,Pluie,Fusariose,Fongicide,1.55,1966.21,743.01,-68527.628785
287,Ouest,Humifère,Riz,17.83,26.5,54.3,9.8,Pluie,Aucune,Fongicide,7.25,1362.81,500.16,40355.53050000001
288,Centre,Limoneux,Soja,96.1,21.7,49.3,17.3,Pluie,Mildiou,Fongicide,2.64,2999.74,124.37,-256721.84751999995
289,Est,Humifère,Soja,41.88,14.9,75.0,133.3,Goutte-à-goutte,Aucune,Herbicide,3.87,3127.64,504.34,-49244.355096
290,Ouest,Limoneux,Coton,84.7,18.2,54.8,82.7,Aspersion,Fusariose,Aucun,4.74,1431.47,366.8,26016.62140000002
291,Est,Sablonneux,Coton,63.06,37.8,68.8,186.6,Pluie,Aucune,Mixte,9.17,4331.33,936.68,268511.0943359999
292,Nord,Sablonneux,Blé,73.67,30.3,68.8,297.7,Aspersion,Oïdium,Insecticide,3.18,879.19,212.15,-15069.41951
293,Nord,Sablonneux,Blé,76.89,24.9,83.3,115.9,Aspersion,Oïdium,Aucun,1.82,2102.42,687.23,-65484.245046
294,Ouest,Sablonneux,Maïs,50.73,10.4,65.9,172.2,Goutte-à-goutte,Mildiou,Insecticide,3.87,3561.73,147.45,-151738.426905
295,Ouest,Sablonneux,Coton,54.56,39.8,60.1,124.7,Pluie,Aucune,Mixte,1.94,1733.54,501.55,-41494.68048
296,Centre,Limoneux,Riz,51.64,30.1,38.3,254.2,Goutte-à-goutte,Aucune,Herbicide,2.16,4224.54,598.58,-151388.195808
297,Centre,Limoneux,Coton,59.01,19.5,36.9,270.7,Pluie,Fusariose,Fongicide,6.16,3829.41,368.16,-92146.73504399997
298,Est,Sablonneux,Riz,3.42,36.4,39.3,263.2,Goutte-à-goutte,Aucune,Fongicide,1.55,4050.6,509.57,-11151.82143
299,Ouest,Humifère,Soja,39.85,17.8,40.3,292.3,Aspersion,Fusariose,Herbicide,1.28,1035.98,247.2,-28674.625399999997
300,Nord,Argileux,Coton,60.82,26.3,68.3,8.3,Pluie,Aucune,Aucun,7.43,1132.46,373.71,100000.56634599999
301,Centre,Sablonneux,Soja,59.97,29.1,74.5,251.9,Fossé,Aucune,Aucun,4.25,1789.13,659.0,60666.8514
302,Centre,Humifère,Blé,79.4,16.6,61.8,225.5,Aspersion,Oïdium,Insecticide,2.13,2831.35,371.62,-161960.07236
303,Nord,Argileux,Blé,65.67,39.4,79.7,68.6,Fossé,Rouille,Herbicide,3.28,3866.07,909.77,-57922.54234800002
304,Centre,Sablonneux,Maïs,99.22,32.4,89.5,286.9,Aspersion,Aucune,Aucun,6.78,4264.39,665.57,24623.883812000044
305,Est,Sablonneux,Coton,28.74,26.7,79.2,44.5,Goutte-à-goutte,Aucune,Herbicide,3.48,3669.51,494.78,-55976.196744
306,Ouest,Limoneux,Soja,36.24,15.4,71.7,203.9,Pluie,Aucune,Mixte,5.45,4678.69,134.88,-142915.84656
307,Nord,Argileux,Riz,38.69,11.6,61.9,67.5,Aspersion,Mildiou,Fongicide,2.1,3824.35,549.59,-103310.46358999998
308,Ouest,Argileux,Blé,46.85,19.6,56.9,129.4,Goutte-à-goutte,Aucune,Fongicide,6.29,1878.21,788.3,144307.22945
309,Centre,Humifère,Blé,83.68,32.6,35.1,215.7,Pluie,Oïdium,Fongicide,3.84,1692.87,339.0,-32728.084799999997
310,Centre,Limoneux,Riz,23.96,18.1,54.0,169.0,Pluie,Fusariose,Herbicide,6.64,3632.87,826.1,44384.31864
311,Nord,Limoneux,Soja,77.71,26.2,84.6,128.3,Aspersion,Aucune,Herbicide,8.28,1367.92,326.63,103865.35204399994
312,Est,Limoneux,Soja,40.83,31.8,78.5,97.9,Pluie,Mildiou,Insecticide,6.5,917.22,841.37,185845.29854999998
313,Sud,Limoneux,Coton,60.38,13.2,43.0,251.9,Aspersion,Aucune,Fongicide,3.66,2895.0,176.74,-135742.186008
314,Nord,Argileux,Coton,63.44,30.6,58.0,43.1,Pluie,Aucune,Insecticide,3.3,4197.39,879.57,-82142.68296
315,Sud,Argileux,Maïs,37.6,12.8,79.0,129.0,Fossé,Oïdium,Fongicide,3.95,956.21,549.27,45624.08440000001
316,Sud,Sablonneux,Blé,51.51,39.0,34.0,271.1,Goutte-à-goutte,Aucune,Insecticide,2.48,4063.51,366.88,-162444.387876
317,Est,Sablonneux,Coton,41.6,24.7,53.2,253.8,Fossé,Aucune,Insecticide,2.63,4152.07,338.6,-135680.56319999998
318,Sud,Limoneux,Soja,7.38,14.5,81.1,120.3,Aspersion,Aucune,Mixte,8.12,2670.23,488.81,9585.935135999996
319,Sud,Limoneux,Riz,44.0,20.3,54.2,228.9,Fossé,Aucune,Insecticide,4.46,757.9,999.14,162723.63359999997
320,Est,Limoneux,Soja,10.19,22.4,34.7,246.9,Aspersion,Aucune,Herbicide,4.92,1285.65,298.29,1853.9359919999988
321,Sud,Sablonneux,Blé,40.8,32.7,62.6,266.7,Pluie,Mildiou,Insecticide,6.35,3683.42,192.89,-100309.5948
322,Sud,Humifère,Soja,59.5,32.3,81.7,163.4,Pluie,Rouille,Fongicide,6.31,3703.0,626.53,14899.055849999975
323,Sud,Humifère,Maïs,58.15,28.4,65.4,61.3,Aspersion,Rouille,Insecticide,1.61,4542.6,539.69,-213625.602665
324,Nord,Sablonneux,Blé,66.43,13.2,43.6,76.6,Fossé,Aucune,Aucun,8.48,3122.09,571.78,114698.330292
325,Nord,Sablonneux,Riz,9.98,14.5,53.1,88.7,Pluie,Aucune,Fongicide,2.6,1058.48,700.24,7606.1971200000025
326,Nord,Sablonneux,Maïs,65.39,12.8,57.0,178.1,Goutte-à-goutte,Aucune,Aucun,7.51,1046.37,340.43,98755.85562700003
327,Est,Sablonneux,Blé,31.56,27.3,64.8,9.8,Pluie,Aucune,Fongicide,7.95,3745.1,919.6,112534.12320000002
328,Centre,Sablonneux,Riz,40.21,36.3,75.6,190.8,Goutte-à-goutte,Aucune,Herbicide,7.43,1327.03,492.1,93660.06732999999
329,Sud,Sablonneux,Maïs,85.87,23.0,35.9,109.3,Fossé,Aucune,Herbicide,6.21,1977.73,216.18,-54549.10641400001
330,Sud,Limoneux,Maïs,1.4,14.8,83.4,88.6,Goutte-à-goutte,Aucune,Herbicide,1.13,2692.45,768.07,-2554.3432599999996
331,Est,Limoneux,Blé,59.05,26.7,30.7,263.8,Goutte-à-goutte,Aucune,Aucun,4.24,611.44,678.79,133844.47787999996
332,Sud,Limoneux,Coton,60.07,34.4,52.2,138.0,Goutte-à-goutte,Oïdium,Mixte,6.44,1619.69,384.17,51321.693536000006
333,Nord,Limoneux,Maïs,39.97,32.3,31.6,28.5,Goutte-à-goutte,Oïdium,Fongicide,4.49,2335.5,659.37,24984.099860999995
334,Centre,Sablonneux,Maïs,24.08,36.4,53.6,248.0,Pluie,Rouille,Herbicide,8.77,1758.36,297.88,20565.466208000005
335,Ouest,Humifère,Riz,23.85,18.3,61.5,14.3,Goutte-à-goutte,Oïdium,Fongicide,3.78,1113.67,500.36,18547.925579999996
336,Sud,Argileux,Soja,88.43,15.8,60.7,218.0,Pluie,Mildiou,Aucun,3.64,3776.06,909.47,-41172.05295599997
337,Nord,Sablonneux,Blé,44.48,36.4,39.9,232.2,Goutte-à-goutte,Aucune,Mixte,3.39,4159.16,220.18,-151799.11110399995
338,Ouest,Argileux,Blé,33.42,29.7,68.7,105.8,Aspersion,Aucune,Aucun,4.0,1658.66,448.03,4460.233199999995
339,Centre,Humifère,Coton,45.15,19.3,32.7,247.4,Fossé,Mildiou,Fongicide,6.02,3984.89,839.03,48133.08758999998
340,Ouest,Limoneux,Coton,67.1,32.3,75.7,154.7,Goutte-à-goutte,Mildiou,Mixte,7.36,2234.99,972.54,330326.88524
341,Nord,Humifère,Blé,15.0,34.5,86.8,139.0,Aspersion,Rouille,Mixte,6.96,2780.09,508.53,11389.181999999993
342,Ouest,Sablonneux,Coton,45.22,28.4,50.4,13.6,Goutte-à-goutte,Mildiou,Aucun,8.27,4352.0,556.3,11241.73721999998
343,Est,Limoneux,Riz,58.99,30.6,61.0,87.0,Goutte-à-goutte,Aucune,Herbicide,8.97,3874.79,614.95,96820.96538500008
344,Ouest,Sablonneux,Blé,94.88,21.3,52.7,279.3,Goutte-à-goutte,Mildiou,Fongicide,8.34,4123.03,939.11,351923.9053119999
345,Sud,Limoneux,Coton,25.63,26.2,30.4,117.5,Aspersion,Oïdium,Insecticide,1.17,1115.8,872.39,-2437.507830999999
346,Sud,Argileux,Blé,36.25,25.7,53.2,164.0,Fossé,Aucune,Insecticide,7.62,813.74,253.54,40536.01150000001
347,Est,Argileux,Soja,38.25,35.4,77.5,159.6,Aspersion,Mildiou,Aucun,2.88,4520.32,493.08,-118584.5472
348,Nord,Argileux,Maïs,60.75,35.2,65.8,177.1,Fossé,Aucune,Fongicide,2.2,2245.25,517.6,-67221.69749999998
349,Sud,Humifère,Blé,35.99,35.0,36.1,18.4,Goutte-à-goutte,Rouille,Fongicide,6.75,1795.46,810.19,132202.876775
350,Centre,Sablonneux,Maïs,53.58,10.3,80.8,108.7,Pluie,Mildiou,Aucun,3.88,3761.13,642.6,-67930.97436
351,Sud,Humifère,Coton,78.29,32.5,61.9,216.9,Goutte-à-goutte,Aucune,Fongicide,1.51,4263.87,688.8,-252389.89278
352,Sud,Argileux,Maïs,70.69,32.8,80.5,60.2,Fossé,Rouille,Herbicide,2.24,4381.2,998.38,-151617.947872
353,Nord,Sablonneux,Blé,44.91,30.4,64.8,61.1,Aspersion,Aucune,Aucun,1.01,1921.99,167.46,-78720.736014
354,Ouest,Argileux,Soja,86.49,32.7,63.6,3.0,Goutte-à-goutte,Rouille,Herbicide,9.13,4334.96,300.71,-137473.92627299996
355,Sud,Humifère,Coton,56.03,35.3,36.3,131.2,Aspersion,Aucune,Fongicide,1.22,684.2,467.11,-6405.674574000004
356,Est,Humifère,Blé,54.22,24.1,40.0,264.8,Aspersion,Mildiou,Aucun,2.89,723.48,413.0,25488.27980000001
357,Ouest,Humifère,Coton,3.9,25.1,88.3,15.6,Aspersion,Aucune,Fongicide,4.75,3305.84,119.48,-10679.409
358,Centre,Argileux,Riz,98.68,13.7,43.7,57.3,Goutte-à-goutte,Rouille,Aucun,4.21,783.98,182.6,-1503.291120000009
359,Nord,Sablonneux,Maïs,12.74,21.6,88.6,93.0,Aspersion,Aucune,Fongicide,9.21,1960.74,712.86,58663.88564400001
360,Centre,Sablonneux,Riz,23.5,29.3,61.9,219.5,Aspersion,Fusariose,Herbicide,1.36,3527.4,891.39,-54405.07560000001
361,Ouest,Argileux,Blé,5.64,33.4,38.1,192.2,Goutte-à-goutte,Oïdium,Herbicide,5.61,2017.7,562.8,6427.389119999998
362,Ouest,Sablonneux,Soja,64.18,16.5,36.0,124.8,Aspersion,Oïdium,Fongicide,7.12,1308.2,585.27,183485.639632
363,Ouest,Argileux,Coton,22.86,14.1,42.5,227.7,Goutte-à-goutte,Mildiou,Aucun,9.39,1766.08,329.58,30373.537932000007
364,Centre,Sablonneux,Maïs,18.41,29.9,85.5,182.9,Fossé,Mildiou,Insecticide,6.58,2559.09,791.09,48718.05530200001
365,Ouest,Limoneux,Coton,9.31,10.1,54.8,268.8,Fossé,Aucune,Herbicide,8.23,2639.24,776.62,34934.30960600001
366,Centre,Limoneux,Blé,10.78,15.4,53.7,245.4,Fossé,Aucune,Herbicide,1.75,4023.5,629.53,-31497.246549999996
367,Ouest,Humifère,Coton,58.67,10.9,48.8,75.8,Aspersion,Aucune,Insecticide,4.47,3875.69,291.4,-150965.65444
368,Est,Limoneux,Maïs,68.98,15.0,38.8,81.4,Pluie,Mildiou,Fongicide,4.37,2555.68,187.32,-119824.578568
369,Ouest,Limoneux,Blé,40.04,15.4,59.3,37.6,Pluie,Oïdium,Aucun,8.98,4305.5,157.81,-115650.182648
370,Centre,Limoneux,Coton,48.25,21.6,37.8,101.1,Aspersion,Aucune,Fongicide,2.36,1014.07,633.43,23199.796599999987
371,Sud,Argileux,Soja,68.75,22.1,80.1,299.9,Pluie,Oïdium,Mixte,2.37,1649.09,842.53,23904.794374999998
372,Ouest,Limoneux,Blé,2.23,36.2,52.2,121.7,Goutte-à-goutte,Rouille,Herbicide,3.96,4225.89,872.5,-1718.8617000000013
373,Sud,Limoneux,Blé,32.65,25.3,52.5,66.1,Pluie,Rouille,Mixte,1.49,2200.97,517.26,-46697.74738999999
374,Est,Humifère,Soja,97.32,31.7,58.4,228.7,Aspersion,Aucune,Herbicide,2.64,4915.32,805.84,-271318.6615679999
375,Nord,Limoneux,Riz,58.22,13.1,56.6,162.7,Aspersion,Aucune,Herbicide,9.69,2598.14,952.19,385915.99164200004
376,Est,Limoneux,Maïs,25.8,16.8,89.7,44.9,Goutte-à-goutte,Aucune,Mixte,4.85,4063.71,347.65,-61342.27350000001
377,Ouest,Sablonneux,Riz,52.41,31.1,62.7,114.2,Fossé,Rouille,Mixte,6.69,2310.38,458.16,39554.372064000025
378,Sud,Humifère,Coton,34.59,11.6,35.3,124.3,Aspersion,Aucune,Fongicide,7.54,2412.29,938.33,161283.422538
379,Sud,Humifère,Soja,53.46,24.6,66.4,226.1,Goutte-à-goutte,Aucune,Mixte,4.3,2222.97,404.41,-25875.014219999997
380,Centre,Humifère,Riz,13.01,28.0,39.1,6.2,Pluie,Fusariose,Fongicide,2.33,3735.84,922.49,-20639.562283000003
381,Sud,Humifère,Blé,13.71,28.1,31.9,80.7,Pluie,Fusariose,Fongicide,2.86,2963.83,982.94,-2092.442136000005
382,Centre,Humifère,Coton,14.78,10.7,88.2,155.3,Goutte-à-goutte,Oïdium,Fongicide,3.82,4747.0,695.63,-30885.668452000005
383,Nord,Humifère,Coton,94.01,19.7,76.4,80.7,Goutte-à-goutte,Aucune,Herbicide,6.72,1629.01,835.2,374492.03134
384,Ouest,Argileux,Riz,73.42,29.1,88.8,188.5,Aspersion,Aucune,Herbicide,4.58,952.53,774.59,190531.66932400002
385,Centre,Limoneux,Riz,16.66,14.5,58.7,144.6,Pluie,Mildiou,Mixte,1.06,2269.68,729.58,-24928.777831999996
386,Nord,Humifère,Soja,19.24,30.9,61.9,108.5,Goutte-à-goutte,Aucune,Herbicide,5.71,3275.21,376.24,-21681.163504000004
387,Sud,Limoneux,Maïs,73.22,32.4,40.1,284.8,Pluie,Aucune,Mixte,9.29,4373.6,151.38,-217264.22695600003
388,Sud,Limoneux,Riz,16.04,39.5,44.8,189.6,Goutte-à-goutte,Aucune,Herbicide,8.31,2057.89,408.75,21474.7129
389,Nord,Argileux,Riz,23.84,16.3,80.3,39.0,Pluie,Aucune,Aucun,8.43,3442.04,700.24,58669.83948800001
390,Sud,Humifère,Blé,96.35,34.8,51.4,168.0,Fossé,Aucune,Aucun,8.16,2075.89,192.28,-48838.38902
391,Nord,Sablonneux,Coton,25.9,25.6,79.6,234.2,Aspersion,Aucune,Mixte,3.91,3277.49,110.73,-73673.47463
392,Centre,Argileux,Maïs,66.33,21.2,72.5,212.5,Pluie,Aucune,Herbicide,7.89,4481.64,225.72,-179138.04123600002
393,Centre,Sablonneux,Blé,97.87,13.7,40.6,51.6,Fossé,Aucune,Herbicide,2.29,1541.11,744.16,15954.415068000002
394,Nord,Limoneux,Soja,37.74,32.1,60.4,291.7,Pluie,Rouille,Fongicide,6.92,2319.09,975.51,167242.515408
395,Centre,Limoneux,Soja,2.24,17.1,70.6,134.6,Pluie,Aucune,Insecticide,6.77,4969.69,984.76,3801.582848
396,Centre,Argileux,Riz,24.79,21.1,44.1,47.7,Fossé,Rouille,Mixte,1.23,4408.51,544.58,-92681.79291399999
397,Centre,Argileux,Riz,83.17,11.9,79.8,54.1,Pluie,Aucune,Insecticide,8.09,3040.88,882.42,340822.160026
398,Est,Sablonneux,Soja,86.53,34.0,62.7,29.5,Pluie,Aucune,Insecticide,9.13,2824.82,763.14,358463.348746
399,Ouest,Humifère,Riz,76.97,33.0,39.9,241.1,Aspersion,Rouille,Mixte,3.41,1780.7,550.94,7543.475638000033
400,Sud,Sablonneux,Maïs,11.75,32.0,65.0,36.6,Fossé,Aucune,Herbicide,8.31,2827.44,615.48,26874.585900000005
401,Est,Argileux,Riz,79.65,19.0,90.0,37.5,Fossé,Aucune,Mixte,1.74,4316.82,223.5,-312859.6245
402,Centre,Sablonneux,Coton,91.91,15.2,39.0,255.1,Goutte-à-goutte,Aucune,Insecticide,6.4,3583.29,943.9,225884.44969999994
403,Nord,Argileux,Riz,60.26,29.1,79.0,103.4,Pluie,Oïdium,Herbicide,5.37,1805.2,416.74,26074.128388000026
404,Centre,Sablonneux,Blé,94.12,24.9,42.4,9.3,Aspersion,Aucune,Aucun,5.91,1406.59,501.53,146587.41047600002
405,Ouest,Argileux,Maïs,82.77,15.3,76.9,15.6,Pluie,Aucune,Mixte,9.34,1693.44,704.49,404455.323582
406,Centre,Argileux,Blé,66.86,30.6,74.1,42.7,Pluie,Rouille,Mixte,8.84,1263.92,400.51,152212.70042399998
407,Nord,Argileux,Blé,57.93,39.7,48.0,64.0,Goutte-à-goutte,Aucune,Herbicide,8.07,930.38,328.83,99829.500333
408,Ouest,Humifère,Coton,35.18,32.4,49.5,199.5,Pluie,Aucune,Aucun,3.46,2386.11,667.94,-2639.8227680000127
409,Centre,Sablonneux,Maïs,16.35,32.2,77.6,47.2,Aspersion,Aucune,Aucun,9.21,1009.85,122.49,1933.9254150000015
410,Ouest,Sablonneux,Maïs,60.69,38.5,57.7,35.7,Aspersion,Mildiou,Herbicide,1.88,1273.61,748.65,8123.477880000006
411,Sud,Sablonneux,Maïs,32.15,16.1,73.8,229.4,Goutte-à-goutte,Aucune,Fongicide,8.68,2962.96,562.62,61746.69843999998
412,Sud,Argileux,Maïs,86.71,27.0,38.9,201.3,Pluie,Aucune,Mixte,3.95,1240.7,645.18,113395.95630999997
413,Centre,Sablonneux,Maïs,99.34,39.4,81.2,130.6,Aspersion,Aucune,Mixte,1.48,787.46,668.69,20086.667208000013
414,Ouest,Sablonneux,Coton,75.37,15.0,72.7,164.8,Pluie,Fusariose,Insecticide,7.02,1928.25,574.35,158554.88919000002
415,Nord,Argileux,Riz,9.5,31.0,84.4,93.6,Pluie,Aucune,Herbicide,3.08,1491.44,624.28,4097.752800000002
416,Centre,Limoneux,Blé,29.22,27.6,37.9,144.8,Pluie,Oïdium,Insecticide,3.19,2818.87,715.41,-15682.727562000015
417,Sud,Argileux,Maïs,11.36,27.6,65.6,152.0,Goutte-à-goutte,Aucune,Insecticide,3.75,960.65,777.81,22221.722
418,Sud,Sablonneux,Riz,65.23,30.9,65.9,116.2,Pluie,Oïdium,Aucun,1.57,3882.97,754.71,-175995.451819
419,Centre,Argileux,Riz,76.64,37.9,51.2,272.0,Aspersion,Oïdium,Mixte,2.59,4578.05,882.65,-175657.84536000006
420,Ouest,Limoneux,Blé,92.6,33.5,57.5,4.8,Pluie,Aucune,Insecticide,1.05,3845.46,270.5,-329788.88099999994
421,Sud,Argileux,Coton,44.1,11.7,32.3,234.7,Aspersion,Aucune,Aucun,5.01,2897.72,461.03,-25929.022769999996
422,Ouest,Sablonneux,Soja,90.19,35.6,74.8,37.3,Pluie,Aucune,Herbicide,1.76,4373.01,953.02,-243124.71401199998
423,Sud,Limoneux,Soja,87.85,16.8,63.0,239.3,Aspersion,Aucune,Insecticide,7.14,3627.13,456.93,-32034.484929999977
424,Sud,Humifère,Riz,32.06,21.3,33.5,184.8,Aspersion,Mildiou,Mixte,3.12,547.48,212.38,3691.5679359999995
425,Est,Sablonneux,Blé,86.96,23.9,70.8,253.0,Pluie,Aucune,Insecticide,9.49,2273.41,572.9,275090.22056
426,Sud,Limoneux,Soja,37.88,24.4,58.0,29.3,Pluie,Aucune,Herbicide,8.84,4329.28,198.54,-97510.18083200001
427,Nord,Limoneux,Riz,30.04,23.1,32.1,167.7,Aspersion,Aucune,Insecticide,3.6,2056.36,282.57,-31214.804320000003
428,Centre,Humifère,Coton,65.08,38.1,88.2,150.3,Fossé,Oïdium,Mixte,8.05,658.47,998.49,480249.69246000005
429,Centre,Argileux,Soja,33.17,31.2,86.9,211.9,Goutte-à-goutte,Aucune,Aucun,8.23,3857.81,587.23,32343.831493000005
430,Ouest,Argileux,Riz,63.21,28.9,60.8,160.3,Fossé,Aucune,Mixte,9.88,4109.17,355.65,-37631.94708000001
431,Sud,Sablonneux,Riz,61.18,11.5,35.6,162.2,Fossé,Aucune,Aucun,6.38,1222.67,995.3,313690.90591999993
432,Nord,Humifère,Maïs,56.56,37.1,75.3,128.9,Pluie,Oïdium,Fongicide,1.74,2918.03,969.9,-69591.65024000002
433,Ouest,Argileux,Coton,38.35,37.3,59.5,92.7,Goutte-à-goutte,Rouille,Mixte,6.82,1363.8,496.67,77600.81849
434,Est,Humifère,Maïs,55.08,33.4,48.1,144.7,Fossé,Aucune,Mixte,6.62,3736.55,334.36,-83891.620944
435,Ouest,Argileux,Blé,59.85,10.2,59.5,35.5,Pluie,Aucune,Herbicide,6.75,1721.98,854.56,242171.05500000002
436,Ouest,Limoneux,Maïs,54.8,11.7,61.3,288.5,Fossé,Aucune,Insecticide,3.76,1922.97,744.06,47933.31887999998
437,Sud,Argileux,Maïs,44.72,16.8,63.8,214.3,Fossé,Aucune,Aucun,8.74,4302.37,718.25,88328.03720000002
438,Est,Humifère,Soja,1.96,13.9,56.5,285.7,Pluie,Oïdium,Aucun,9.64,2643.45,903.8,11895.596719999998
439,Ouest,Limoneux,Riz,58.91,22.0,66.3,68.0,Pluie,Mildiou,Herbicide,2.96,3513.9,720.48,-81371.15767199999
440,Nord,Limoneux,Coton,17.26,37.7,85.1,263.8,Pluie,Aucune,Herbicide,1.79,2310.68,355.42,-28901.493731999995
441,Nord,Limoneux,Maïs,64.44,24.2,51.7,242.6,Goutte-à-goutte,Fusariose,Insecticide,2.75,1841.03,724.48,9749.127600000007
442,Centre,Humifère,Coton,76.05,10.4,73.5,203.1,Fossé,Aucune,Insecticide,8.38,3314.65,375.23,-12945.428729999985
443,Est,Sablonneux,Maïs,50.29,18.5,83.7,187.5,Pluie,Mildiou,Mixte,7.09,1196.86,783.32,219107.43485199998
444,Est,Sablonneux,Blé,54.47,11.3,57.4,95.0,Aspersion,Fusariose,Fongicide,6.72,2178.5,657.77,122106.18336799998
445,Centre,Sablonneux,Maïs,95.17,11.1,56.6,244.9,Fossé,Aucune,Insecticide,4.62,1440.67,169.67,-62507.142082000006
446,Ouest,Humifère,Soja,84.79,18.3,66.1,150.5,Aspersion,Mildiou,Herbicide,6.2,3631.08,561.55,-12673.561300000001
447,Est,Limoneux,Riz,91.47,18.3,65.5,21.3,Goutte-à-goutte,Aucune,Insecticide,3.77,4748.94,408.97,-293355.54995699995
448,Nord,Sablonneux,Blé,81.47,33.6,78.4,93.9,Pluie,Aucune,Aucun,5.29,4979.8,395.71,-235162.674327
449,Nord,Humifère,Maïs,11.34,39.2,58.6,280.6,Aspersion,Aucune,Fongicide,8.14,2526.25,642.03,30616.573428
450,Sud,Sablonneux,Coton,15.32,21.1,89.8,255.2,Goutte-à-goutte,Aucune,Mixte,9.83,1636.39,390.09,33676.342804
451,Est,Argileux,Blé,52.9,22.9,33.6,294.6,Pluie,Mildiou,Aucun,9.39,2492.73,799.2,265121.99820000003
452,Ouest,Sablonneux,Blé,24.98,35.3,30.2,188.4,Aspersion,Oïdium,Aucun,9.4,4312.71,163.71,-69290.42328
453,Centre,Sablonneux,Maïs,47.93,18.0,68.4,74.3,Aspersion,Rouille,Fongicide,4.62,1427.03,694.35,85356.95531000002
454,Centre,Limoneux,Blé,39.74,14.7,47.9,48.8,Goutte-à-goutte,Fusariose,Mixte,5.22,4784.43,828.28,-18312.525816000038
455,Ouest,Humifère,Coton,55.17,35.6,44.4,56.1,Pluie,Fusariose,Herbicide,7.35,2038.4,705.55,173641.644225
456,Sud,Limoneux,Blé,74.81,11.4,48.7,5.9,Pluie,Aucune,Mixte,9.3,4936.12,547.51,11649.63763000007
457,Centre,Limoneux,Coton,71.69,28.6,45.4,117.2,Aspersion,Aucune,Insecticide,2.28,4273.74,955.28,-150240.84770399996
458,Est,Limoneux,Maïs,52.36,26.9,31.8,57.4,Aspersion,Aucune,Aucun,3.74,4138.57,369.94,-144251.50678399997
459,Sud,Limoneux,Riz,82.33,20.4,88.3,123.5,Aspersion,Rouille,Insecticide,2.25,1930.57,117.25,-137224.14497499997
460,Est,Limoneux,Blé,43.37,19.5,43.2,280.5,Pluie,Oïdium,Herbicide,6.51,539.5,488.79,114606.218173
461,Nord,Sablonneux,Riz,89.72,33.2,74.0,129.2,Goutte-à-goutte,Aucune,Insecticide,3.76,2219.6,129.71,-155385.20668799998
462,Sud,Limoneux,Coton,7.59,12.6,75.8,263.4,Goutte-à-goutte,Mildiou,Mixte,3.93,1858.14,958.54,14488.719497999997
463,Centre,Limoneux,Blé,95.49,17.1,85.8,181.7,Pluie,Rouille,Insecticide,1.64,668.29,288.93,-18567.533951999998
464,Sud,Humifère,Soja,65.64,32.0,31.8,74.1,Fossé,Aucune,Herbicide,4.15,2774.14,810.03,38562.48258000004
465,Sud,Argileux,Riz,38.32,26.4,82.3,106.8,Goutte-à-goutte,Aucune,Herbicide,8.76,2313.64,797.11,178917.75075200002
466,Sud,Sablonneux,Blé,20.12,13.8,61.6,25.2,Aspersion,Aucune,Herbicide,3.1,3355.5,295.96,-49053.04288
467,Sud,Sablonneux,Riz,48.18,36.5,68.0,100.0,Fossé,Aucune,Mixte,7.26,3295.34,659.1,71774.99867999999
468,Est,Sablonneux,Blé,19.86,21.8,68.7,203.3,Fossé,Aucune,Herbicide,6.67,1043.36,143.27,-1742.6971259999955
469,Nord,Limoneux,Maïs,17.05,34.8,79.2,21.6,Goutte-à-goutte,Aucune,Aucun,8.77,4896.34,535.22,-3451.9532300000137
470,Ouest,Limoneux,Riz,61.93,33.6,50.0,61.6,Fossé,Aucune,Herbicide,2.19,1341.19,113.18,-67709.66679399999
471,Sud,Limoneux,Soja,52.55,28.7,74.0,114.4,Fossé,Aucune,Insecticide,9.8,2503.73,929.03,346870.14820000005
472,Centre,Humifère,Soja,67.17,24.8,61.7,294.6,Goutte-à-goutte,Fusariose,Insecticide,6.24,2696.53,978.48,228994.96988400005
473,Sud,Argileux,Coton,93.0,39.4,77.6,235.5,Goutte-à-goutte,Aucune,Insecticide,9.96,4158.78,300.05,-108836.22599999991
474,Centre,Limoneux,Blé,53.46,14.3,89.4,220.0,Fossé,Rouille,Mixte,9.2,946.53,287.3,90701.83979999999
475,Est,Argileux,Riz,58.3,31.8,42.0,34.9,Aspersion,Aucune,Insecticide,2.99,2428.9,778.35,-5925.233049999981
476,Centre,Humifère,Coton,9.42,15.7,89.7,234.3,Pluie,Aucune,Mixte,1.51,3328.26,328.04,-26686.102632000002
477,Ouest,Sablonneux,Riz,71.9,20.1,35.4,235.6,Fossé,Oïdium,Mixte,3.3,1468.2,905.57,109301.01389999999
478,Nord,Limoneux,Blé,40.29,19.3,30.1,180.3,Fossé,Aucune,Herbicide,5.75,3323.61,616.54,8924.033549999993
479,Centre,Argileux,Soja,97.68,38.4,32.6,297.1,Aspersion,Aucune,Aucun,2.54,4656.49,415.7,-351707.78016
480,Centre,Argileux,Maïs,82.41,39.0,50.5,97.6,Fossé,Mildiou,Herbicide,2.51,4988.83,849.42,-235427.71777800002
481,Nord,Limoneux,Soja,52.49,15.5,68.0,282.4,Fossé,Aucune,Herbicide,5.16,646.03,544.07,113450.37428800002
482,Ouest,Sablonneux,Coton,12.76,10.7,34.1,274.4,Pluie,Aucune,Mixte,1.3,1560.15,920.47,-4638.757639999998
483,Sud,Sablonneux,Maïs,86.01,31.6,30.3,3.4,Pluie,Aucune,Mixte,2.1,1896.38,935.21,5810.921610000019
484,Centre,Sablonneux,Coton,80.08,22.5,86.2,135.0,Pluie,Aucune,Insecticide,4.74,2296.07,248.88,-89399.614304
485,Nord,Humifère,Blé,18.87,12.7,79.3,293.1,Goutte-à-goutte,Aucune,Insecticide,1.57,1590.16,102.09,-26981.811069000003
486,Est,Argileux,Maïs,29.88,30.5,78.6,30.9,Goutte-à-goutte,Aucune,Herbicide,4.57,1415.7,985.54,92275.94786399999
487,Nord,Argileux,Coton,79.44,26.4,83.1,164.3,Pluie,Fusariose,Fongicide,5.27,4795.49,915.52,2327.6237760000513
488,Est,Argileux,Blé,18.93,39.4,72.0,293.7,Pluie,Mildiou,Fongicide,5.06,4633.35,149.9,-73351.02408000002
489,Ouest,Humifère,Soja,91.82,16.8,36.3,166.6,Goutte-à-goutte,Rouille,Insecticide,8.82,711.47,849.73,622828.7044520001
490,Sud,Argileux,Blé,42.74,22.1,53.9,56.9,Aspersion,Rouille,Fongicide,5.77,2024.66,512.02,39735.18139599997
491,Nord,Humifère,Riz,9.16,26.3,73.4,174.7,Fossé,Fusariose,Insecticide,5.21,2323.17,333.07,-5384.937748
492,Centre,Sablonneux,Blé,81.67,33.8,46.8,61.3,Fossé,Aucune,Mixte,4.7,1575.57,890.87,213282.75673
493,Ouest,Limoneux,Blé,37.66,26.5,71.2,155.9,Pluie,Fusariose,Herbicide,8.36,3329.93,277.0,-38195.1486
494,Nord,Argileux,Riz,52.89,28.4,31.5,22.2,Aspersion,Mildiou,Aucun,9.06,3381.71,952.57,277597.089438
495,Centre,Argileux,Coton,11.67,16.8,48.4,181.6,Goutte-à-goutte,Mildiou,Herbicide,8.68,4327.27,285.06,-21623.917164000006
496,Nord,Sablonneux,Coton,0.76,35.4,62.9,155.0,Pluie,Aucune,Insecticide,7.06,3833.91,652.31,586.2629359999996
497,Est,Limoneux,Blé,63.98,22.9,67.9,222.0,Aspersion,Aucune,Insecticide,2.24,2941.58,300.78,-145095.942544
498,Nord,Humifère,Riz,51.76,14.2,64.6,189.2,Aspersion,Aucune,Herbicide,3.49,3441.14,591.1,-71335.68375999997
499,Nord,Limoneux,Riz,59.56,29.9,71.9,164.9,Aspersion,Mildiou,Insecticide,1.41,1732.95,715.58,-43120.379832000006
500,Nord,Sablonneux,Soja,79.48,16.5,30.4,206.9,Goutte-à-goutte,Aucune,Fongicide,9.38,3168.75,271.21,-49659.11989599999
